image_filename,days_left
banana_01_day_01.jpg,8
banana_02_day_01.jpg,8
banana_03_day_01.jpg,8
banana_04_day_01.jpg,8
banana_05_day_01.jpg,8
banana_06_day_01.jpg,8
banana_07_day_01.jpg,8
banana_08_day_01.jpg,8
banana_09_day_01.jpg,8
banana_10_day_01.jpg,8
banana_11_day_01.jpg,8
banana_12_day_01.jpg,8
banana_13_day_01.jpg,8
banana_14_day_01.jpg,8
banana_15_day_01.jpg,8
banana_16_day_01.jpg,8
banana_17_day_01.jpg,8
banana_18_day_01.jpg,8
banana_19_day_01.jpg,8
banana_20_day_01.jpg,8
banana_21_day_01.jpg,8
banana_22_day_01.jpg,8
banana_23_day_01.jpg,8
banana_24_day_01.jpg,8
banana_25_day_01.jpg,8
banana_26_day_01.jpg,8
banana_27_day_01.jpg,8
banana_28_day_01.jpg,8
banana_29_day_01.jpg,8
banana_30_day_01.jpg,8
banana_31_day_01.jpg,8
banana_32_day_01.jpg,8
banana_33_day_0.jpg,8
banana_34_day_01.jpg,8
banana_35_day_01.jpg,8
banana_36_day_01.jpg,8
banana_37_day_01.jpg,8
banana_38_day_01.jpg,8
banana_39_day_01.jpg,8
banana_40_day_01.jpg,8
banana_41_day_01.jpg,8
banana_42_day_01.jpg,8
banana_01_day_02.jpg,7
banana_02_day_02.jpg,7
banana_03_day_02.jpg,7
banana_04_day_02.jpg,7
banana_05_day_02.jpg,7
banana_06_day_02.jpg,7
banana_07_day_02.jpg,7
banana_08_day_02.jpg,7
banana_09_day_02.jpg,7
banana_10_day_02.jpg,7
banana_11_day_02.jpg,7
banana_12_day_02.jpg,7
banana_13_day_02.jpg,7
banana_14_day_02.jpg,7
banana_15_day_02.jpg,7
banana_16_day_02.jpg,7
banana_17_day_02.jpg,7
banana_18_day_02.jpg,7
banana_20_day_02.jpg,7
banana_21_day_02.jpg,7
banana_22_day_02.jpg,7
banana_01_day_03.jpg,6
banana_02_day_03.jpg,6
banana_03_day_03.jpg,6
banana_04_day_03.jpg,6
banana_05_day_03.jpg,6
banana_06_day_03.jpg,6
banana_07_day_03.jpg,6
banana_08_day_03.jpg,6
banana_09_day_03.jpg,6
banana_10_day_03.jpg,6
banana_11_day_03.jpg,6
banana_12_day_03.jpg,6
banana_13_day_03.jpg,6
banana_14_day_03.jpg,6
banana_15_day_03.jpg,6
banana_16_day_03.jpg,6
banana_17_day_03.jpg,6
banana_19_day_03.jpg,6
banana_20_day_03.jpg,6
banana_21_day_03.jpg,6
banana_22_day_03.jpg,6
banana_23_day_03.jpg,6
banana_24_day_03.jpg,6
banana_25_day_03.jpg,6
banana_26_day_03.jpg,6
banana_27_day_03.jpg,6
banana_28_day_03.jpg,6
banana_29_day_03.jpg,6
banana_30_day_03.jpg,6
banana_31_day_03.jpg,6
banana_32_day_03.jpg,6
banana_33_day_03.jpg,6
banana_34_day_03.jpg,6
banana_35_day_03.jpg,6
banana_36_day_03.jpg,6
banana_37_day_03.jpg,6
banana_38_day_03.jpg,6
banana_39_day_03.jpg,6
banana_40_day_03.jpg,6
banana_41_day_03.jpg,6
banana_42_day_03.jpg,6
banana_43_day_03.jpg,6
banana_54_day_03.jpg,6
banana_45_day_03.jpg,6
banana_46_day_03.jpg,6
banana_47_day_03.jpg,6
banana_48_day_03.jpg,6
banana_49_day_03.jpg,6
banana_50_day_03.jpg,6
banana_51_day_03.jpg,6
banana_52_day_03.jpg,6
banana_53_day_03.jpg,6
banana_54_day_03.jpg,6
banana_55_day_03.jpg,6
banana_01_day_04.jpg,5
banana_02_day_04.jpg,5
banana_03_day_04.jpg,5
banana_04_day_04.jpg,5
banana_05_day_04.jpg,5
banana_06_day_04.jpg,5
banana_07_day_04.jpg,5
banana_08_day_04.jpg,5
banana_09_day_04.jpg,5
banana_10_day_04.jpg,5
banana_11_day_04.jpg,5
banana_12_day_04.jpg,5
banana_13_day_04.jpg,5
banana_14_day_04.jpg,5
banana_15_day_04.jpg,5
banana_16_day_04.jpg,5
banana_17_day_04.jpg,5
banana_18_day_04.jpg,5
banana_20_day_04.jpg,5
banana_21_day_04.jpg,5
banana_22_day_04.jpg,5
banana_23_day_04.jpg,5
banana_24_day_04.jpg,5
banana_25_day_04.jpg,5
banana_26_day_04.jpg,5
banana_27_day_04.jpg,5
banana_28_day_04.jpg,5
banana_29_day_04.jpg,5
banana_30_day_04.jpg,5
banana_31_day_04.jpg,5
banana_32_day_04.jpg,5
banana_33_day_04.jpg,5
banana_34_day_04.jpg,5
banana_35_day_04.jpg,5
banana_36_day_04.jpg,5
banana_37_day_04.jpg,5
banana_38_day_04.jpg,5
banana_39_day_04.jpg,5
banana_40_day_04.jpg,5
banana_41_day_04.jpg,5
banana_42_day_04.jpg,5
banana_43_day_04.jpg,5
banana_44_day_04.jpg,5
banana_45_day_04.jpg,5
banana_46_day_04.jpg,5
banana_47_day_04.jpg,5
banana_48_day_04.jpg,5
banana_49_day_04.jpg,5
banana_50_day_04.jpg,5
banana_51_day_04.jpg,5
banana_52_day_04.jpg,5
banana_53_day_04.jpg,5
banana_54_day_04.jpg,5
banana_01_day_05.jpg,4
banana_02_day_05.jpg,4
banana_03_day_05.jpg,4
banana_04_day_05.jpg,4
banana_05_day_05.jpg,4
banana_06_day_05.jpg,4
banana_07_day_05.jpg,4
banana_08_day_05.jpg,4
banana_09_day_05.jpg,4
banana_10_day_05.jpg,4
banana_11_day_05.jpg,4
banana_12_day_05.jpg,4
banana_13_day_05.jpg,4
banana_14_day_05.jpg,4
banana_15_day_05.jpg,4
banana_16_day_05.jpg,4
banana_17_day_05.jpg,4
banana_18_day_05.jpg,4
banana_19_day_05.jpg,4
banana_20_day_05.jpg,4
banana_21_day_05.jpg,4
banana_22_day_05.jpg,4
banana_23_day_05.jpg,4
banana_24_day_05.jpg,4
banana_25_day_05.jpg,4
banana_26_day_05.jpg,4
banana_27_day_05.jpg,4
banana_28_day_05.jpg,4
banana_29_day_05.jpg,4
banana_30_day_05.jpg,4
banana_31_day_05.jpg,4
banana_32_day_05.jpg,4
banana_33_day_05.jpg,4
banana_34_day_05.jpg,4
banana_35_day_05.jpg,4
banana_36_day_05.jpg,4
banana_37_day_05.jpg,4
banana_38_day_05.jpg,4
banana_39_day_05.jpg,4
banana_40_day_05.jpg,4
banana_41_day_05.jpg,4
banana_42_day_05.jpg,4
banana_43_day_05.jpg,4
banana_44_day_05.jpg,4
banana_45_day_05.jpg,4
banana_46_day_05.jpg,4
banana_47_day_05.jpg,4
banana_48_day_05.jpg,4
banana_49_day_05.jpg,4
banana_50_day_05.jpg,4
banana_51_day_05.jpg,4
banana_52_day_05.jpg,4
banana_53_day_05.jpg,4
banana_54_day_05.jpg,4
banana_55_day_05.jpg,4
banana_56_day_05.jpg,4
banana_57_day_05.jpg,4
banana_58_day_05.jpg,4
banana_59_day_05.jpg,4
banana_60_day_05.jpg,4
banana_61_day_05.jpg,4
banana_62_day_05.jpg,4
banana_63_day_05.jpg,4
banana_64_day_05.jpg,4
banana_65_day_05.jpg,4
banana_66_day_05.jpg,4
banana_67_day_05.jpg,4
banana_68_day_05.jpg,4
banana_69_day_05.jpg,4
banana_70_day_05.jpg,4
banana_71_day_05.jpg,4
banana_01_day_06.jpg,3
banana_02_day_06.jpg,3
banana_03_day_06.jpg,3
banana_04_day_06.jpg,3
banana_05_day_06.jpg,3
banana_06_day_06.jpg,3
banana_07_day_06.jpg,3
banana_08_day_06.jpg,3
banana_09_day_06.jpg,3
banana_10_day_06.jpg,3
banana_11_day_06.jpg,3
banana_12_day_06.jpg,3
banana_13_day_06.jpg,3
banana_14_day_06.jpg,3
banana_15_day_06.jpg,3
banana_16_day_06.jpg,3
banana_17_day_06.jpg,3
banana_18_day_06.jpg,3
banana_19_day_06.jpg,3
banana_20_day_06.jpg,3
banana_21_day_06.jpg,3
banana_22_day_06.jpg,3
banana_23_day_06.jpg,3
banana_24_day_06.jpg,3
banana_25_day_06.jpg,3
banana_26_day_06.jpg,3
banana_27_day_06.jpg,3
banana_62_day_06.jpg,3
banana_29_day_06.jpg,3
banana_30_day_06.jpg,3
banana_31_day_06.jpg,3
banana_32_day_06.jpg,3
banana_33_day_06.jpg,3
banana_34_day_06.jpg,3
banana_35_day_06.jpg,3
banana_36_day_06.jpg,3
banana_37_day_06.jpg,3
banana_38_day_06.jpg,3
banana_39_day_06.jpg,3
banana_40_day_06.jpg,3
banana_41_day_06.jpg,3
banana_42_day_06.jpg,3
banana_43_day_06.jpg,3
banana_01_day_07.jpg,2
banana_02_day_07.jpg,2
banana_03_day_07.jpg,2
banana_04_day_07.jpg,2
banana_05_day_07.jpg,2
banana_06_day_07.jpg,2
banana_07_day_07.jpg,2
banana_08_day_07.jpg,2
banana_09_day_07.jpg,2
banana_10_day_07.jpg,2
banana_11_day_07.jpg,2
banana_12_day_07.jpg,2
banana_13_day_07.jpg,2
banana_14_day_07.jpg,2
banana_15_day_07.jpg,2
banana_16_day_07.jpg,2
banana_17_day_07.jpg,2
banana_18_day_07.jpg,2
banana_19_day_07.jpg,2
banana_20_day_07.jpg,2
banana_21_day_07.jpg,2
banana_22_day_07.jpg,2
banana_23_day_07.jpg,2
banana_24_day_07.jpg,2
banana_25_day_07.jpg,2
banana_67_day_07.jpg,2
banana_27_day_07.jpg,2
banana_28_day_07.jpg,2
banana_29_day_07.jpg,2
banana_30_day_07.jpg,2
banana_31_day_07.jpg,2
banana_32_day_07.jpg,2
banana_33_day_07.jpg,2
banana_34_day_07.jpg,2
banana_35_day_07.jpg,2
banana_36_day_07.jpg,2
banana_37_day_07.jpg,2
banana_38_day_07.jpg,2
banana_39_day_07.jpg,2
banana_40_day_07.jpg,2
banana_41_day_07.jpg,2
banana_42_day_07.jpg,2
banana_43_day_07.jpg,2
banana_44_day_07.jpg,2
banana_45_day_07.jpg,2
banana_46_day_07.jpg,2
banana_47_day_07.jpg,2
banana_48_day_07.jpg,2
banana_49_day_07.jpg,2
banana_50_day_07.jpg,2
banana_51_day_07.jpg,2
banana_01_day_08.jpg,1
banana_02_day_08.jpg,1
banana_03_day_08.jpg,1
banana_04_day_08.jpg,1
banana_05_day_08.jpg,1
banana_06_day_08.jpg,1
banana_07_day_08.jpg,1
banana_08_day_08.jpg,1
banana_09_day_08.jpg,1
banana_10_day_08.jpg,1
banana_11_day_08.jpg,1
banana_12_day_08.jpg,1
banana_13_day_08.jpg,1
banana_14_day_08.jpg,1
banana_15_day_08.jpg,1
banana_16_day_08.jpg,1
banana_17_day_08.jpg,1
banana_18_day_08.jpg,1
banana_19_day_08.jpg,1
banana_20_day_08.jpg,1
banana_21_day_08.jpg,1
banana_22_day_08.jpg,1
banana_23_day_08.jpg,1
banana_24_day_08.jpg,1
banana_25_day_08.jpg,1
banana_26_day_08.jpg,1
banana_27_day_08.jpg,1
banana_28_day_08.jpg,1
banana_29_day_08.jpg,1
banana_30_day_08.jpg,1
banana_31_day_08.jpg,1
banana_32_day_08.jpg,1
banana_33_day_08.jpg,1
banana_34_day_08.jpg,1
banana_35_day_08.jpg,1
banana_36_day_08.jpg,1
banana_37_day_08.jpg,1
banana_38_day_08.jpg,1
banana_39_day_08.jpg,1
banana_40_day_08.jpg,1
banana_41_day_08.jpg,1
banana_42_day_08.jpg,1
banana_43_day_08.jpg,1
banana_44_day_08.jpg,1
banana_45_day_08.jpg,1
banana_46_day_08.jpg,1
banana_47_day_08.jpg,1
banana_48_day_08.jpg,1
banana_49_day_08.jpg,1
banana_50_day_08.jpg,1
banana_51_day_08.jpg,1
banana_52_day_08.jpg,1
banana_53_day_08.jpg,1
banana_54_day_08.jpg,1
banana_55_day_08.jpg,1
banana_56_day_08.jpg,1
banana_57_day_08.jpg,1
banana_58_day_08.jpg,1
banana_59_day_08.jpg,1
banana_60_day_08.jpg,1
banana_61_day_08.jpg,1
banana_62_day_08.jpg,1
banana_63_day_08.jpg,1
banana_64_day_08.jpg,1
banana_65_day_08.jpg,1
banana_66_day_08.jpg,1
banana_67_day_08.jpg,1
banana_68_day_08.jpg,1
banana_69_day_08.jpg,1
banana_70_day_08.jpg,1
banana_71_day_08.jpg,1
banana_72_day_08.jpg,1
banana_73_day_08.jpg,1
banana_74_day_08.jpg,1
banana_75_day_08.jpg,1
banana_76_day_08.jpg,1
banana_77_day_08.jpg,1
banana_78_day_08.jpg,1
banana_79_day_08.jpg,1
banana_80_day_08.jpg,1
banana_81_day_08.jpg,1
banana_82_day_08.jpg,1
banana_83_day_08.jpg,1
banana_84_day_08.jpg,1
banana_85_day_08.jpg,1
banana_86_day_08.jpg,1
banana_87_day_08.jpg,1
banana_88_day_08.jpg,1
banana_89_day_08.jpg,1
banana_90_day_08.jpg,1
banana_91_day_08.jpg,1
banana_92_day_08.jpg,1
banana_93_day_08.jpg,1
banana_94_day_08.jpg,1
banana_95_day_08.jpg,1
banana_96_day_08.jpg,1
banana_97_day_08.jpg,1
banana_98_day_08.jpg,1
banana_99_day_08.jpg,1
banana_52_day_07.jpg,2
banana_53_day_07.jpg,2
banana_54_day_07.jpg,2
banana_55_day_07.jpg,2
banana_56_day_07.jpg,2
banana_57_day_07.jpg,2
banana_58_day_07.jpg,2
banana_59_day_07.jpg,2
banana_60_day_07.jpg,2
banana_61_day_07.jpg,2
banana_62_day_07.jpg,2
banana_63_day_07.jpg,2
banana_64_day_07.jpg,2
banana_65_day_07.jpg,2
banana_66_day_07.jpg,2
banana_67_day_07.jpg,2
banana_44_day_06.jpg,3
banana_45_day_06.jpg,3
banana_46_day_06.jpg,3
banana_47_day_06.jpg,3
banana_48_day_06.jpg,3
banana_49_day_06.jpg,3
banana_50_day_06.jpg,3
banana_51_day_06.jpg,3
banana_52_day_06.jpg,3
banana_53_day_06.jpg,3
banana_54_day_06.jpg,3
banana_55_day_06.jpg,3
banana_56_day_06.jpg,3
banana_57_day_06.jpg,3
banana_58_day_06.jpg,3
banana_59_day_06.jpg,3
banana_60_day_06.jpg,3
banana_61_day_06.jpg,3
banana_55_day_04.jpg,5
banana_56_day_03.jpg,6
banana_62_day_06.jpg,3
